;Invariant Language (Invariant Country);;Invariant Language (Invariant Country);ivl;iv
af;Afrikaans;Afrikaans;Afrikaans;afr;af
af-NA;Afrikaans (Namibië);Afrikaans (Namibië);Afrikaans (Namibia);afr;af
af-ZA;Afrikaans (Suid-Afrika);Afrikaans (South Africa);Afrikaans (South Africa);afr;af
agq;Aghem;Aghem;Aghem;agq;agq
agq-CM;Aghem (Kàmàlûŋ);Aghem (Kàmàlûŋ);Aghem (Cameroon);agq;agq
ak;Akan;Akan;Akan;aka;ak
ak-GH;Akan (Gaana);Akan (Gaana);Akan (Ghana);aka;ak
am;አማርኛ;Amharic;Amharic;amh;am
am-ET;አማርኛ (ኢትዮጵያ);Amharic (Ethiopia);Amharic (Ethiopia);amh;am
ar;العربية;Arabic;Arabic;ara;ar
ar-001;العربية (العالم);العربية (العالم);Arabic (World);ara;ar
ar-AE;العربية (الإمارات العربية المتحدة);Arabic (United Arab Emirates);Arabic (United Arab Emirates);ara;ar
ar-BH;العربية (البحرين);Arabic (Bahrain);Arabic (Bahrain);ara;ar
ar-DJ;العربية (جيبوتي);العربية (جيبوتي);Arabic (Djibouti);ara;ar
ar-DZ;العربية (الجزائر);Arabic (Algeria);Arabic (Algeria);ara;ar
ar-EG;العربية (مصر);Arabic (Egypt);Arabic (Egypt);ara;ar
ar-EH;العربية (الصحراء الغربية);العربية (الصحراء الغربية);Arabic (Western Sahara);ara;ar
ar-ER;العربية (إريتريا);العربية (إريتريا);Arabic (Eritrea);ara;ar
ar-IL;العربية (إسرائيل);العربية (إسرائيل);Arabic (Israel);ara;ar
ar-IQ;العربية (العراق);Arabic (Iraq);Arabic (Iraq);ara;ar
ar-JO;العربية (الأردن);Arabic (Jordan);Arabic (Jordan);ara;ar
ar-KM;العربية (جزر القمر);العربية (جزر القمر);Arabic (Comoros);ara;ar
ar-KW;العربية (الكويت);Arabic (Kuwait);Arabic (Kuwait);ara;ar
ar-LB;العربية (لبنان);Arabic (Lebanon);Arabic (Lebanon);ara;ar
ar-LY;العربية (ليبيا);Arabic (Libya);Arabic (Libya);ara;ar
ar-MA;العربية (المغرب);Arabic (Morocco);Arabic (Morocco);ara;ar
ar-MR;العربية (موريتانيا);العربية (موريتانيا);Arabic (Mauritania);ara;ar
ar-OM;العربية (عُمان);Arabic (Oman);Arabic (Oman);ara;ar
ar-PS;العربية (الأراضي الفلسطينية);العربية (الأراضي الفلسطينية);Arabic (Palestinian Territories);ara;ar
ar-QA;العربية (قطر);Arabic (Qatar);Arabic (Qatar);ara;ar
ar-SA;العربية (المملكة العربية السعودية);Arabic (Saudi Arabia);Arabic (Saudi Arabia);ara;ar
ar-SD;العربية (السودان);العربية (السودان);Arabic (Sudan);ara;ar
ar-SO;العربية (الصومال);العربية (الصومال);Arabic (Somalia);ara;ar
ar-SS;العربية (جنوب السودان);العربية (جنوب السودان);Arabic (South Sudan);ara;ar
ar-SY;العربية (سوريا);Arabic (Syria);Arabic (Syria);ara;ar
ar-TD;العربية (تشاد);العربية (تشاد);Arabic (Chad);ara;ar
ar-TN;العربية (تونس);Arabic (Tunisia);Arabic (Tunisia);ara;ar
ar-YE;العربية (اليمن);Arabic (Yemen);Arabic (Yemen);ara;ar
as;অসমীয়া;Assamese;Assamese;asm;as
as-IN;অসমীয়া (ভাৰত);Assamese (India);Assamese (India);asm;as
asa;Kipare;Kipare;Asu;asa;asa
asa-TZ;Kipare (Tadhania);Kipare (Tadhania);Asu (Tanzania);asa;asa
ast;asturianu;asturianu;Asturian;ast;ast
ast-ES;asturianu (España);asturianu (España);Asturian (Spain);ast;ast
az;azərbaycan;Azerbaijani;Azerbaijani;aze;az
az-Cyrl;азәрбајҹан;Azerbaijani (Cyrillic);Azerbaijani;aze;az
az-Cyrl-AZ;азәрбајҹан (Кирил, Азәрбајҹан);Azerbaijani (Cyrillic, Azerbaijan);Azerbaijani (Cyrillic, Azerbaijan);aze;az
az-Latn;azərbaycan;Azerbaijani (Latin);Azerbaijani;aze;az
az-Latn-AZ;azərbaycan (latın, Azərbaycan);Azerbaijani (Latin, Azerbaijan);Azerbaijani (Latin, Azerbaijan);aze;az
bas;Ɓàsàa;Ɓàsàa;Basaa;bas;bas
bas-CM;Ɓàsàa (Kàmɛ̀rûn);Ɓàsàa (Kàmɛ̀rûn);Basaa (Cameroon);bas;bas
be;беларуская;Belarusian;Belarusian;bel;be
be-BY;беларуская (Беларусь);Belarusian (Belarus);Belarusian (Belarus);bel;be
bem;Ichibemba;Ichibemba;Bemba;bem;bem
bem-ZM;Ichibemba (Zambia);Ichibemba (Zambia);Bemba (Zambia);bem;bem
bez;Hibena;Hibena;Bena;bez;bez
bez-TZ;Hibena (Hutanzania);Hibena (Hutanzania);Bena (Tanzania);bez;bez
bg;български;Bulgarian;Bulgarian;bul;bg
bg-BG;български (България);Bulgarian (Bulgaria);Bulgarian (Bulgaria);bul;bg
bm;bamanakan;bamanakan;Bambara;bam;bm
bm-ML;bamanakan (Mali);bamanakan (Mali);Bambara (Mali);bam;bm
bn;বাংলা;Bangla;Bangla;ben;bn
bn-BD;বাংলা (বাংলাদেশ);Bangla (Bangladesh);Bangla (Bangladesh);ben;bn
bn-IN;বাংলা (ভারত);Bangla (India);Bangla (India);ben;bn
bo;བོད་སྐད་;Tibetan;Tibetan;bod;bo
bo-CN;བོད་སྐད་ (རྒྱ་ནག);Tibetan (China);Tibetan (China);bod;bo
bo-IN;བོད་སྐད་ (རྒྱ་གར་);བོད་སྐད་ (རྒྱ་གར་);Tibetan (India);bod;bo
br;brezhoneg;Breton;Breton;bre;br
br-FR;brezhoneg (Frañs);Breton (France);Breton (France);bre;br
brx;बड़ो;बड़ो;Bodo;brx;brx
brx-IN;बड़ो (भारत);बड़ो (भारत);Bodo (India);brx;brx
bs;bosanski;Bosnian;Bosnian;bos;bs
bs-Cyrl;босански;Bosnian (Cyrillic);Bosnian;bos;bs
bs-Cyrl-BA;босански (Ћирилица, Босна и Херцеговина);Bosnian (Cyrillic, Bosnia & Herzegovina);Bosnian (Cyrillic, Bosnia & Herzegovina);bos;bs
bs-Latn;bosanski;Bosnian (Latin);Bosnian;bos;bs
bs-Latn-BA;bosanski (latinica, Bosna i Hercegovina);Bosnian (Latin, Bosnia & Herzegovina);Bosnian (Latin, Bosnia & Herzegovina);bos;bs
ca;català;Catalan;Catalan;cat;ca
ca-AD;català (Andorra);català (Andorra);Catalan (Andorra);cat;ca
ca-ES;català (Espanya);Catalan (Spain);Catalan (Spain);cat;ca
ca-FR;català (França);català (França);Catalan (France);cat;ca
ca-IT;català (Itàlia);català (Itàlia);Catalan (Italy);cat;ca
ce;нохчийн;нохчийн;Chechen;che;ce
ce-RU;нохчийн (Росси);нохчийн (Росси);Chechen (Russia);che;ce
cgg;Rukiga;Rukiga;Chiga;cgg;cgg
cgg-UG;Rukiga (Uganda);Rukiga (Uganda);Chiga (Uganda);cgg;cgg
chr;ᏣᎳᎩ;Cherokee;Cherokee;chr;chr
chr-US;ᏣᎳᎩ (ᏌᏊ ᎢᏳᎾᎵᏍᏔᏅ ᏍᎦᏚᎩ);ᏣᎳᎩ (ᏌᏊ ᎢᏳᎾᎵᏍᏔᏅ ᏍᎦᏚᎩ);Cherokee (United States);chr;chr
ckb;کوردیی ناوەندی;کوردیی ناوەندی;Central Kurdish;ckb;ckb
ckb-IQ;کوردیی ناوەندی (عێراق);کوردیی ناوەندی (عێراق);Central Kurdish (Iraq);ckb;ckb
ckb-IR;کوردیی ناوەندی (ئێران);کوردیی ناوەندی (ئێران);Central Kurdish (Iran);ckb;ckb
cs;čeština;Czech;Czech;ces;cs
cs-CZ;čeština (Česko);Czech (Czechia);Czech (Czechia);ces;cs
cy;Cymraeg;Welsh;Welsh;cym;cy
cy-GB;Cymraeg (Y Deyrnas Unedig);Welsh (United Kingdom);Welsh (United Kingdom);cym;cy
da;dansk;Danish;Danish;dan;da
da-DK;dansk (Danmark);Danish (Denmark);Danish (Denmark);dan;da
da-GL;dansk (Grønland);dansk (Grønland);Danish (Greenland);dan;da
dav;Kitaita;Kitaita;Taita;dav;dav
dav-KE;Kitaita (Kenya);Kitaita (Kenya);Taita (Kenya);dav;dav
de;Deutsch;German;German;deu;de
de-AT;Deutsch (Österreich);German (Austria);German (Austria);deu;de
de-BE;Deutsch (Belgien);Deutsch (Belgien);German (Belgium);deu;de
de-CH;Deutsch (Schweiz);German (Switzerland);German (Switzerland);deu;de
de-DE;Deutsch (Deutschland);German (Germany);German (Germany);deu;de
de-IT;Deutsch (Italien);Deutsch (Italien);German (Italy);deu;de
de-LI;Deutsch (Liechtenstein);German (Liechtenstein);German (Liechtenstein);deu;de
de-LU;Deutsch (Luxemburg);German (Luxembourg);German (Luxembourg);deu;de
dje;Zarmaciine;Zarmaciine;Zarma;dje;dje
dje-NE;Zarmaciine (Nižer);Zarmaciine (Nižer);Zarma (Niger);dje;dje
dsb;dolnoserbšćina;Lower Sorbian;Lower Sorbian;dsb;dsb
dsb-DE;dolnoserbšćina (Nimska);Lower Sorbian (Germany);Lower Sorbian (Germany);dsb;dsb
dua;duálá;duálá;Duala;dua;dua
dua-CM;duálá (Cameroun);duálá (Cameroun);Duala (Cameroon);dua;dua
dyo;joola;joola;Jola-Fonyi;dyo;dyo
dyo-SN;joola (Senegal);joola (Senegal);Jola-Fonyi (Senegal);dyo;dyo
dz;རྫོང་ཁ;རྫོང་ཁ;Dzongkha;dzo;dz
dz-BT;རྫོང་ཁ། (འབྲུག།);Dzongkha (Bhutan);Dzongkha (Bhutan);dzo;dz
ebu;Kĩembu;Kĩembu;Embu;ebu;ebu
ebu-KE;Kĩembu (Kenya);Kĩembu (Kenya);Embu (Kenya);ebu;ebu
ee;Eʋegbe;Eʋegbe;Ewe;ewe;ee
ee-GH;Eʋegbe (Ghana nutome);Eʋegbe (Ghana nutome);Ewe (Ghana);ewe;ee
ee-TG;Eʋegbe (Togo nutome);Eʋegbe (Togo nutome);Ewe (Togo);ewe;ee
el;Ελληνικά;Greek;Greek;ell;el
el-CY;Ελληνικά (Κύπρος);Ελληνικά (Κύπρος);Greek (Cyprus);ell;el
el-GR;Ελληνικά (Ελλάδα);Greek (Greece);Greek (Greece);ell;el
en;English;English;English;eng;en
en-001;English (World);English (World);English (World);eng;en
en-150;English (Europe);English (Europe);English (Europe);eng;en
en-AD;English (Andorra);English (Andorra);English (Andorra);eng;en
en-AG;English (Antigua & Barbuda);English (Antigua & Barbuda);English (Antigua & Barbuda);eng;en
en-AI;English (Anguilla);English (Anguilla);English (Anguilla);eng;en
en-AL;English (Albania);English (Albania);English (Albania);eng;en
en-AR;English (Argentina);English (Argentina);English (Argentina);eng;en
en-AS;English (American Samoa);English (American Samoa);English (American Samoa);eng;en
en-AT;English (Austria);English (Austria);English (Austria);eng;en
en-AU;English (Australia);English (Australia);English (Australia);eng;en
en-BA;English (Bosnia & Herzegovina);English (Bosnia & Herzegovina);English (Bosnia & Herzegovina);eng;en
en-BB;English (Barbados);English (Barbados);English (Barbados);eng;en
en-BD;English (Bangladesh);English (Bangladesh);English (Bangladesh);eng;en
en-BE;English (Belgium);English (Belgium);English (Belgium);eng;en
en-BG;English (Bulgaria);English (Bulgaria);English (Bulgaria);eng;en
en-BI;English (Burundi);English (Burundi);English (Burundi);eng;en
en-BM;English (Bermuda);English (Bermuda);English (Bermuda);eng;en
en-BR;English (Brazil);English (Brazil);English (Brazil);eng;en
en-BS;English (Bahamas);English (Bahamas);English (Bahamas);eng;en
en-BW;English (Botswana);English (Botswana);English (Botswana);eng;en
en-BZ;English (Belize);English (Belize);English (Belize);eng;en
en-CA;English (Canada);English (Canada);English (Canada);eng;en
en-CC;English (Cocos [Keeling] Islands);English (Cocos [Keeling] Islands);English (Cocos [Keeling] Islands);eng;en
en-CH;English (Switzerland);English (Switzerland);English (Switzerland);eng;en
en-CK;English (Cook Islands);English (Cook Islands);English (Cook Islands);eng;en
en-CM;English (Cameroon);English (Cameroon);English (Cameroon);eng;en
en-CN;English (China);English (China);English (China);eng;en
en-CX;English (Christmas Island);English (Christmas Island);English (Christmas Island);eng;en
en-CY;English (Cyprus);English (Cyprus);English (Cyprus);eng;en
en-CZ;English (Czechia);English (Czechia);English (Czechia);eng;en
en-DE;English (Germany);English (Germany);English (Germany);eng;en
en-DG;English (Diego Garcia);English (Diego Garcia);English (Diego Garcia);eng;en
en-DK;English (Denmark);English (Denmark);English (Denmark);eng;en
en-DM;English (Dominica);English (Dominica);English (Dominica);eng;en
en-EE;English (Estonia);English (Estonia);English (Estonia);eng;en
en-ER;English (Eritrea);English (Eritrea);English (Eritrea);eng;en
en-ES;English (Spain);English (Spain);English (Spain);eng;en
en-FI;English (Finland);English (Finland);English (Finland);eng;en
en-FJ;English (Fiji);English (Fiji);English (Fiji);eng;en
en-FK;English (Falkland Islands);English (Falkland Islands);English (Falkland Islands);eng;en
en-FM;English (Micronesia);English (Micronesia);English (Micronesia);eng;en
en-FR;English (France);English (France);English (France);eng;en
en-GB;English (United Kingdom);English (United Kingdom);English (United Kingdom);eng;en
en-GD;English (Grenada);English (Grenada);English (Grenada);eng;en
en-GG;English (Guernsey);English (Guernsey);English (Guernsey);eng;en
en-GH;English (Ghana);English (Ghana);English (Ghana);eng;en
en-GI;English (Gibraltar);English (Gibraltar);English (Gibraltar);eng;en
en-GM;English (Gambia);English (Gambia);English (Gambia);eng;en
en-GR;English (Greece);English (Greece);English (Greece);eng;en
en-GU;English (Guam);English (Guam);English (Guam);eng;en
en-GY;English (Guyana);English (Guyana);English (Guyana);eng;en
en-HK;English (Hong Kong [China]);English (Hong Kong [China]);English (Hong Kong [China]);eng;en
en-HR;English (Croatia);English (Croatia);English (Croatia);eng;en
en-HU;English (Hungary);English (Hungary);English (Hungary);eng;en
en-ID;English (Indonesia);English (Indonesia);English (Indonesia);eng;en
en-IE;English (Ireland);English (Ireland);English (Ireland);eng;en
en-IL;English (Israel);English (Israel);English (Israel);eng;en
en-IM;English (Isle of Man);English (Isle of Man);English (Isle of Man);eng;en
en-IN;English (India);English (India);English (India);eng;en
en-IO;English (British Indian Ocean Territory);English (British Indian Ocean Territory);English (British Indian Ocean Territory);eng;en
en-IS;English (Iceland);English (Iceland);English (Iceland);eng;en
en-IT;English (Italy);English (Italy);English (Italy);eng;en
en-JE;English (Jersey);English (Jersey);English (Jersey);eng;en
en-JM;English (Jamaica);English (Jamaica);English (Jamaica);eng;en
en-JP;English (Japan);English (Japan);English (Japan);eng;en
en-KE;English (Kenya);English (Kenya);English (Kenya);eng;en
en-KI;English (Kiribati);English (Kiribati);English (Kiribati);eng;en
en-KN;English (St. Kitts & Nevis);English (St. Kitts & Nevis);English (St. Kitts & Nevis);eng;en
en-KR;English (South Korea);English (South Korea);English (South Korea);eng;en
en-KY;English (Cayman Islands);English (Cayman Islands);English (Cayman Islands);eng;en
en-LC;English (St. Lucia);English (St. Lucia);English (St. Lucia);eng;en
en-LR;English (Liberia);English (Liberia);English (Liberia);eng;en
en-LS;English (Lesotho);English (Lesotho);English (Lesotho);eng;en
en-LT;English (Lithuania);English (Lithuania);English (Lithuania);eng;en
en-LU;English (Luxembourg);English (Luxembourg);English (Luxembourg);eng;en
en-LV;English (Latvia);English (Latvia);English (Latvia);eng;en
en-ME;English (Montenegro);English (Montenegro);English (Montenegro);eng;en
en-MG;English (Madagascar);English (Madagascar);English (Madagascar);eng;en
en-MH;English (Marshall Islands);English (Marshall Islands);English (Marshall Islands);eng;en
en-MO;English (Macau [China]);English (Macau [China]);English (Macau [China]);eng;en
en-MP;English (Northern Mariana Islands);English (Northern Mariana Islands);English (Northern Mariana Islands);eng;en
en-MS;English (Montserrat);English (Montserrat);English (Montserrat);eng;en
en-MT;English (Malta);English (Malta);English (Malta);eng;en
en-MU;English (Mauritius);English (Mauritius);English (Mauritius);eng;en
en-MV;English (Maldives);English (Maldives);English (Maldives);eng;en
en-MW;English (Malawi);English (Malawi);English (Malawi);eng;en
en-MY;English (Malaysia);English (Malaysia);English (Malaysia);eng;en
en-NA;English (Namibia);English (Namibia);English (Namibia);eng;en
en-NF;English (Norfolk Island);English (Norfolk Island);English (Norfolk Island);eng;en
en-NG;English (Nigeria);English (Nigeria);English (Nigeria);eng;en
en-NL;English (Netherlands);English (Netherlands);English (Netherlands);eng;en
en-NO;English (Norway);English (Norway);English (Norway);eng;en
en-NR;English (Nauru);English (Nauru);English (Nauru);eng;en
en-NU;English (Niue);English (Niue);English (Niue);eng;en
en-NZ;English (New Zealand);English (New Zealand);English (New Zealand);eng;en
en-PG;English (Papua New Guinea);English (Papua New Guinea);English (Papua New Guinea);eng;en
en-PH;English (Philippines);English (Philippines);English (Philippines);eng;en
en-PK;English (Pakistan);English (Pakistan);English (Pakistan);eng;en
en-PL;English (Poland);English (Poland);English (Poland);eng;en
en-PN;English (Pitcairn Islands);English (Pitcairn Islands);English (Pitcairn Islands);eng;en
en-PR;English (Puerto Rico);English (Puerto Rico);English (Puerto Rico);eng;en
en-PT;English (Portugal);English (Portugal);English (Portugal);eng;en
en-PW;English (Palau);English (Palau);English (Palau);eng;en
en-RO;English (Romania);English (Romania);English (Romania);eng;en
en-RU;English (Russia);English (Russia);English (Russia);eng;en
en-RW;English (Rwanda);English (Rwanda);English (Rwanda);eng;en
en-SA;English (Saudi Arabia);English (Saudi Arabia);English (Saudi Arabia);eng;en
en-SB;English (Solomon Islands);English (Solomon Islands);English (Solomon Islands);eng;en
en-SC;English (Seychelles);English (Seychelles);English (Seychelles);eng;en
en-SD;English (Sudan);English (Sudan);English (Sudan);eng;en
en-SE;English (Sweden);English (Sweden);English (Sweden);eng;en
en-SG;English (Singapore);English (Singapore);English (Singapore);eng;en
en-SH;English (St. Helena);English (St. Helena);English (St. Helena);eng;en
en-SI;English (Slovenia);English (Slovenia);English (Slovenia);eng;en
en-SK;English (Slovakia);English (Slovakia);English (Slovakia);eng;en
en-SL;English (Sierra Leone);English (Sierra Leone);English (Sierra Leone);eng;en
en-SS;English (South Sudan);English (South Sudan);English (South Sudan);eng;en
en-SX;English (Sint Maarten);English (Sint Maarten);English (Sint Maarten);eng;en
en-SZ;English (Swaziland);English (Swaziland);English (Swaziland);eng;en
en-TC;English (Turks & Caicos Islands);English (Turks & Caicos Islands);English (Turks & Caicos Islands);eng;en
en-TH;English (Thailand);English (Thailand);English (Thailand);eng;en
en-TK;English (Tokelau);English (Tokelau);English (Tokelau);eng;en
en-TO;English (Tonga);English (Tonga);English (Tonga);eng;en
en-TR;English (Turkey);English (Turkey);English (Turkey);eng;en
en-TT;English (Trinidad & Tobago);English (Trinidad & Tobago);English (Trinidad & Tobago);eng;en
en-TV;English (Tuvalu);English (Tuvalu);English (Tuvalu);eng;en
en-TW;English (Taiwan);English (Taiwan);English (Taiwan);eng;en
en-TZ;English (Tanzania);English (Tanzania);English (Tanzania);eng;en
en-UG;English (Uganda);English (Uganda);English (Uganda);eng;en
en-UM;English (U.S. Outlying Islands);English (U.S. Outlying Islands);English (U.S. Outlying Islands);eng;en
en-US;English (United States);English (United States);English (United States);eng;en
en-US-POSIX;English (United States, Computer);English (United States, Computer);English (United States, Computer);eng;en
en-VC;English (St. Vincent & Grenadines);English (St. Vincent & Grenadines);English (St. Vincent & Grenadines);eng;en
en-VG;English (British Virgin Islands);English (British Virgin Islands);English (British Virgin Islands);eng;en
en-VI;English (U.S. Virgin Islands);English (U.S. Virgin Islands);English (U.S. Virgin Islands);eng;en
en-VU;English (Vanuatu);English (Vanuatu);English (Vanuatu);eng;en
en-WS;English (Samoa);English (Samoa);English (Samoa);eng;en
en-ZA;English (South Africa);English (South Africa);English (South Africa);eng;en
en-ZM;English (Zambia);English (Zambia);English (Zambia);eng;en
en-ZW;English (Zimbabwe);English (Zimbabwe);English (Zimbabwe);eng;en
eo;esperanto;esperanto;Esperanto;epo;eo
es;español;Spanish;Spanish;spa;es
es-419;español (Latinoamérica);Spanish (Latin America);Spanish (Latin America);spa;es
es-AG;español (Antigua y Barbuda);español (Antigua y Barbuda);Spanish (Antigua & Barbuda);spa;es
es-AI;español (Anguila);español (Anguila);Spanish (Anguilla);spa;es
es-AR;español (Argentina);Spanish (Argentina);Spanish (Argentina);spa;es
es-AW;español (Aruba);español (Aruba);Spanish (Aruba);spa;es
es-BB;español (Barbados);español (Barbados);Spanish (Barbados);spa;es
es-BL;español (San Bartolomé);español (San Bartolomé);Spanish (St. Barthélemy);spa;es
es-BM;español (Bermudas);español (Bermudas);Spanish (Bermuda);spa;es
es-BO;español (Bolivia);Spanish (Bolivia);Spanish (Bolivia);spa;es
es-BQ;español (Caribe neerlandés);español (Caribe neerlandés);Spanish (Caribbean Netherlands);spa;es
es-BR;español (Brasil);español (Brasil);Spanish (Brazil);spa;es
es-BS;español (Bahamas);español (Bahamas);Spanish (Bahamas);spa;es
es-BZ;español (Belice);español (Belice);Spanish (Belize);spa;es
es-CA;español (Canadá);español (Canadá);Spanish (Canada);spa;es
es-CL;español (Chile);Spanish (Chile);Spanish (Chile);spa;es
es-CO;español (Colombia);Spanish (Colombia);Spanish (Colombia);spa;es
es-CR;español (Costa Rica);Spanish (Costa Rica);Spanish (Costa Rica);spa;es
es-CU;español (Cuba);Spanish (Cuba);Spanish (Cuba);spa;es
es-CW;español (Curazao);español (Curazao);Spanish (Curaçao);spa;es
es-DM;español (Dominica);español (Dominica);Spanish (Dominica);spa;es
es-DO;español (República Dominicana);Spanish (Dominican Republic);Spanish (Dominican Republic);spa;es
es-EA;español (Ceuta y Melilla);español (Ceuta y Melilla);Spanish (Ceuta & Melilla);spa;es
es-EC;español (Ecuador);Spanish (Ecuador);Spanish (Ecuador);spa;es
es-ES;español (España);Spanish (Spain);Spanish (Spain);spa;es
es-FK;español (Islas Malvinas);español (Islas Malvinas);Spanish (Falkland Islands);spa;es
es-GD;español (Granada);español (Granada);Spanish (Grenada);spa;es
es-GF;español (Guayana Francesa);español (Guayana Francesa);Spanish (French Guiana);spa;es
es-GL;español (Groenlandia);español (Groenlandia);Spanish (Greenland);spa;es
es-GP;español (Guadalupe);español (Guadalupe);Spanish (Guadeloupe);spa;es
es-GQ;español (Guinea Ecuatorial);español (Guinea Ecuatorial);Spanish (Equatorial Guinea);spa;es
es-GT;español (Guatemala);Spanish (Guatemala);Spanish (Guatemala);spa;es
es-GY;español (Guyana);español (Guyana);Spanish (Guyana);spa;es
es-HN;español (Honduras);Spanish (Honduras);Spanish (Honduras);spa;es
es-HT;español (Haití);español (Haití);Spanish (Haiti);spa;es
es-IC;español (Canarias);español (Canarias);Spanish (Canary Islands);spa;es
es-KN;español (San Cristóbal y Nieves);español (San Cristóbal y Nieves);Spanish (St. Kitts & Nevis);spa;es
es-KY;español (Islas Caimán);español (Islas Caimán);Spanish (Cayman Islands);spa;es
es-LC;español (Santa Lucía);español (Santa Lucía);Spanish (St. Lucia);spa;es
es-MF;español (San Martín);español (San Martín);Spanish (St. Martin);spa;es
es-MQ;español (Martinica);español (Martinica);Spanish (Martinique);spa;es
es-MS;español (Montserrat);español (Montserrat);Spanish (Montserrat);spa;es
es-MX;español (México);Spanish (Mexico);Spanish (Mexico);spa;es
es-NI;español (Nicaragua);Spanish (Nicaragua);Spanish (Nicaragua);spa;es
es-PA;español (Panamá);Spanish (Panama);Spanish (Panama);spa;es
es-PE;español (Perú);Spanish (Peru);Spanish (Peru);spa;es
es-PH;español (Filipinas);español (Filipinas);Spanish (Philippines);spa;es
es-PM;español (San Pedro y Miquelón);español (San Pedro y Miquelón);Spanish (St. Pierre & Miquelon);spa;es
es-PR;español (Puerto Rico);Spanish (Puerto Rico);Spanish (Puerto Rico);spa;es
es-PY;español (Paraguay);Spanish (Paraguay);Spanish (Paraguay);spa;es
es-SR;español (Surinam);español (Surinam);Spanish (Suriname);spa;es
es-SV;español (El Salvador);Spanish (El Salvador);Spanish (El Salvador);spa;es
es-SX;español (Sint Maarten);español (Sint Maarten);Spanish (Sint Maarten);spa;es
es-TC;español (Islas Turcas y Caicos);español (Islas Turcas y Caicos);Spanish (Turks & Caicos Islands);spa;es
es-TT;español (Trinidad y Tobago);español (Trinidad y Tobago);Spanish (Trinidad & Tobago);spa;es
es-US;español (Estados Unidos);Spanish (United States);Spanish (United States);spa;es
es-UY;español (Uruguay);Spanish (Uruguay);Spanish (Uruguay);spa;es
es-VC;español (San Vicente y las Granadinas);español (San Vicente y las Granadinas);Spanish (St. Vincent & Grenadines);spa;es
es-VE;español (Venezuela);Spanish (Venezuela);Spanish (Venezuela);spa;es
es-VG;español (Islas Vírgenes Británicas);español (Islas Vírgenes Británicas);Spanish (British Virgin Islands);spa;es
es-VI;español (Islas Vírgenes de EE. UU.);español (Islas Vírgenes de EE. UU.);Spanish (U.S. Virgin Islands);spa;es
et;eesti;Estonian;Estonian;est;et
et-EE;eesti (Eesti);Estonian (Estonia);Estonian (Estonia);est;et
eu;euskara;Basque;Basque;eus;eu
eu-ES;euskara (Espainia);Basque (Spain);Basque (Spain);eus;eu
ewo;ewondo;ewondo;Ewondo;ewo;ewo
ewo-CM;ewondo (Kamərún);ewondo (Kamərún);Ewondo (Cameroon);ewo;ewo
fa;فارسی;Persian;Persian;fas;fa
fa-AF;فارسی (افغانستان);فارسی (افغانستان);Persian (Afghanistan);fas;fa
fa-IR;فارسی (ایران);Persian (Iran);Persian (Iran);fas;fa
ff;Pulaar;Fulah;Fulah;ful;ff
ff-CM;Pulaar (Kameruun);Pulaar (Kameruun);Fulah (Cameroon);ful;ff
ff-GN;Pulaar (Gine);Pulaar (Gine);Fulah (Guinea);ful;ff
ff-MR;Pulaar (Muritani);Pulaar (Muritani);Fulah (Mauritania);ful;ff
ff-SN;Pulaar (Senegaal);Pulaar (Senegaal);Fulah (Senegal);ful;ff
fi;suomi;Finnish;Finnish;fin;fi
fi-FI;suomi (Suomi);Finnish (Finland);Finnish (Finland);fin;fi
fil;Filipino;Filipino;Filipino;fil;fil
fil-PH;Filipino (Pilipinas);Filipino (Philippines);Filipino (Philippines);fil;fil
fo;føroyskt;Faroese;Faroese;fao;fo
fo-DK;føroyskt (Danmark);føroyskt (Danmark);Faroese (Denmark);fao;fo
fo-FO;føroyskt (Føroyar);Faroese (Faroe Islands);Faroese (Faroe Islands);fao;fo
fr;français;French;French;fra;fr
fr-BE;français (Belgique);French (Belgium);French (Belgium);fra;fr
fr-BF;français (Burkina Faso);français (Burkina Faso);French (Burkina Faso);fra;fr
fr-BI;français (Burundi);français (Burundi);French (Burundi);fra;fr
fr-BJ;français (Bénin);français (Bénin);French (Benin);fra;fr
fr-BL;français (Saint-Barthélemy);français (Saint-Barthélemy);French (St. Barthélemy);fra;fr
fr-CA;français (Canada);French (Canada);French (Canada);fra;fr
fr-CD;français (Congo-Kinshasa);French (Congo - Kinshasa);French (Congo - Kinshasa);fra;fr
fr-CF;français (République centrafricaine);français (République centrafricaine);French (Central African Republic);fra;fr
fr-CG;français (Congo-Brazzaville);français (Congo-Brazzaville);French (Congo - Brazzaville);fra;fr
fr-CH;français (Suisse);French (Switzerland);French (Switzerland);fra;fr
fr-CI;français (Côte d’Ivoire);French (Côte d’Ivoire);French (Côte d’Ivoire);fra;fr
fr-CM;français (Cameroun);French (Cameroon);French (Cameroon);fra;fr
fr-DJ;français (Djibouti);français (Djibouti);French (Djibouti);fra;fr
fr-DZ;français (Algérie);français (Algérie);French (Algeria);fra;fr
fr-FR;français (France);French (France);French (France);fra;fr
fr-GA;français (Gabon);français (Gabon);French (Gabon);fra;fr
fr-GF;français (Guyane française);français (Guyane française);French (French Guiana);fra;fr
fr-GN;français (Guinée);français (Guinée);French (Guinea);fra;fr
fr-GP;français (Guadeloupe);français (Guadeloupe);French (Guadeloupe);fra;fr
fr-GQ;français (Guinée équatoriale);français (Guinée équatoriale);French (Equatorial Guinea);fra;fr
fr-HT;français (Haïti);French (Haiti);French (Haiti);fra;fr
fr-KM;français (Comores);français (Comores);French (Comoros);fra;fr
fr-LU;français (Luxembourg);French (Luxembourg);French (Luxembourg);fra;fr
fr-MA;français (Maroc);French (Morocco);French (Morocco);fra;fr
fr-MC;français (Monaco);French (Monaco);French (Monaco);fra;fr
fr-MF;français (Saint-Martin);français (Saint-Martin);French (St. Martin);fra;fr
fr-MG;français (Madagascar);français (Madagascar);French (Madagascar);fra;fr
fr-ML;français (Mali);French (Mali);French (Mali);fra;fr
fr-MQ;français (Martinique);français (Martinique);French (Martinique);fra;fr
fr-MR;français (Mauritanie);français (Mauritanie);French (Mauritania);fra;fr
fr-MU;français (Maurice);français (Maurice);French (Mauritius);fra;fr
fr-NC;français (Nouvelle-Calédonie);français (Nouvelle-Calédonie);French (New Caledonia);fra;fr
fr-NE;français (Niger);français (Niger);French (Niger);fra;fr
fr-PF;français (Polynésie française);français (Polynésie française);French (French Polynesia);fra;fr
fr-PM;français (Saint-Pierre-et-Miquelon);français (Saint-Pierre-et-Miquelon);French (St. Pierre & Miquelon);fra;fr
fr-RE;français (La Réunion);French (Réunion);French (Réunion);fra;fr
fr-RW;français (Rwanda);français (Rwanda);French (Rwanda);fra;fr
fr-SC;français (Seychelles);français (Seychelles);French (Seychelles);fra;fr
fr-SN;français (Sénégal);French (Senegal);French (Senegal);fra;fr
fr-SY;français (Syrie);français (Syrie);French (Syria);fra;fr
fr-TD;français (Tchad);français (Tchad);French (Chad);fra;fr
fr-TG;français (Togo);français (Togo);French (Togo);fra;fr
fr-TN;français (Tunisie);français (Tunisie);French (Tunisia);fra;fr
fr-VU;français (Vanuatu);français (Vanuatu);French (Vanuatu);fra;fr
fr-WF;français (Wallis-et-Futuna);français (Wallis-et-Futuna);French (Wallis & Futuna);fra;fr
fr-YT;français (Mayotte);français (Mayotte);French (Mayotte);fra;fr
fur;furlan;furlan;Friulian;fur;fur
fur-IT;furlan (Italie);furlan (Italie);Friulian (Italy);fur;fur
fy;West-Frysk;Western Frisian;Western Frisian;fry;fy
fy-NL;West-Frysk (Nederlân);Western Frisian (Netherlands);Western Frisian (Netherlands);fry;fy
ga;Gaeilge;Irish;Irish;gle;ga
ga-IE;Gaeilge (Éire);Irish (Ireland);Irish (Ireland);gle;ga
gd;Gàidhlig;Scottish Gaelic;Scottish Gaelic;gla;gd
gd-GB;Gàidhlig (An Rìoghachd Aonaichte);Scottish Gaelic (United Kingdom);Scottish Gaelic (United Kingdom);gla;gd
gl;galego;Galician;Galician;glg;gl
gl-ES;galego (España);Galician (Spain);Galician (Spain);glg;gl
gsw;Schwiizertüütsch;Swiss German;Swiss German;gsw;gsw
gsw-CH;Schwiizertüütsch (Schwiiz);Schwiizertüütsch (Schwiiz);Swiss German (Switzerland);gsw;gsw
gsw-FR;Schwiizertüütsch (Frankriich);Swiss German (France);Swiss German (France);gsw;gsw
gsw-LI;Schwiizertüütsch (Liächteschtäi);Schwiizertüütsch (Liächteschtäi);Swiss German (Liechtenstein);gsw;gsw
gu;ગુજરાતી;Gujarati;Gujarati;guj;gu
gu-IN;ગુજરાતી (ભારત);Gujarati (India);Gujarati (India);guj;gu
guz;Ekegusii;Ekegusii;Gusii;guz;guz
guz-KE;Ekegusii (Kenya);Ekegusii (Kenya);Gusii (Kenya);guz;guz
gv;Gaelg;Gaelg;Manx;glv;gv
gv-IM;Gaelg (Ellan Vannin);Gaelg (Ellan Vannin);Manx (Isle of Man);glv;gv
ha;Hausa;Hausa;Hausa;hau;ha
ha-GH;Hausa (Gana);Hausa (Gana);Hausa (Ghana);hau;ha
ha-NE;Hausa (Nijar);Hausa (Nijar);Hausa (Niger);hau;ha
ha-NG;Hausa (Najeriya);Hausa (Najeriya);Hausa (Nigeria);hau;ha
haw;ʻŌlelo Hawaiʻi;Hawaiian;Hawaiian;haw;haw
haw-US;ʻŌlelo Hawaiʻi (ʻAmelika Hui Pū ʻIa);Hawaiian (United States);Hawaiian (United States);haw;haw
he;עברית;Hebrew;Hebrew;heb;he
he-IL;עברית (ישראל);Hebrew (Israel);Hebrew (Israel);heb;he
hi;हिन्दी;Hindi;Hindi;hin;hi
hi-IN;हिन्दी (भारत);Hindi (India);Hindi (India);hin;hi
hr;hrvatski;Croatian;Croatian;hrv;hr
hr-BA;hrvatski (Bosna i Hercegovina);Croatian (Bosnia & Herzegovina);Croatian (Bosnia & Herzegovina);hrv;hr
hr-HR;hrvatski (Hrvatska);Croatian (Croatia);Croatian (Croatia);hrv;hr
hsb;hornjoserbšćina;Upper Sorbian;Upper Sorbian;hsb;hsb
hsb-DE;hornjoserbšćina (Němska);Upper Sorbian (Germany);Upper Sorbian (Germany);hsb;hsb
hu;magyar;Hungarian;Hungarian;hun;hu
hu-HU;magyar (Magyarország);Hungarian (Hungary);Hungarian (Hungary);hun;hu
hy;հայերեն;Armenian;Armenian;hye;hy
hy-AM;հայերեն (Հայաստան);Armenian (Armenia);Armenian (Armenia);hye;hy
id;Indonesia;Indonesian;Indonesian;ind;id
id-ID;Indonesia (Indonesia);Indonesian (Indonesia);Indonesian (Indonesia);ind;id
ig;Igbo;Igbo;Igbo;ibo;ig
ig-NG;Igbo (Nigeria);Igbo (Nigeria);Igbo (Nigeria);ibo;ig
ii;ꆈꌠꉙ;Sichuan Yi;Sichuan Yi;iii;ii
ii-CN;ꆈꌠꉙ (ꍏꇩ);Sichuan Yi (China);Sichuan Yi (China);iii;ii
is;íslenska;Icelandic;Icelandic;isl;is
is-IS;íslenska (Ísland);Icelandic (Iceland);Icelandic (Iceland);isl;is
it;italiano;Italian;Italian;ita;it
it-CH;italiano (Svizzera);Italian (Switzerland);Italian (Switzerland);ita;it
it-IT;italiano (Italia);Italian (Italy);Italian (Italy);ita;it
it-SM;italiano (San Marino);italiano (San Marino);Italian (San Marino);ita;it
it-VA;italiano (Città del Vaticano);italiano (Città del Vaticano);Italian (Vatican City);ita;it
iu;ᐃᓄᒃᑎᑐᑦ;Inuktitut;Inuktitut;iku;iu
iu-CA;ᐃᓄᒃᑎᑐᑦ (ᑲᓇᑕᒥ);ᐃᓄᒃᑎᑐᑦ (ᑲᓇᑕᒥ);Inuktitut (Canada);iku;iu
ja;日本語;Japanese;Japanese;jpn;ja
ja-JP;日本語（日本）;Japanese (Japan);Japanese (Japan);jpn;ja
jgo;Ndaꞌa;Ndaꞌa;Ngomba;jgo;jgo
jgo-CM;Ndaꞌa (Kamɛlûn);Ndaꞌa (Kamɛlûn);Ngomba (Cameroon);jgo;jgo
jmc;Kimachame;Kimachame;Machame;jmc;jmc
jmc-TZ;Kimachame (Tanzania);Kimachame (Tanzania);Machame (Tanzania);jmc;jmc
ka;ქართული;Georgian;Georgian;kat;ka
ka-GE;ქართული (საქართველო);Georgian (Georgia);Georgian (Georgia);kat;ka
kab;Taqbaylit;Taqbaylit;Kabyle;kab;kab
kab-DZ;Taqbaylit (Lezzayer);Taqbaylit (Lezzayer);Kabyle (Algeria);kab;kab
kam;Kikamba;Kikamba;Kamba;kam;kam
kam-KE;Kikamba (Kenya);Kikamba (Kenya);Kamba (Kenya);kam;kam
kde;Chimakonde;Chimakonde;Makonde;kde;kde
kde-TZ;Chimakonde (Tanzania);Chimakonde (Tanzania);Makonde (Tanzania);kde;kde
kea;kabuverdianu;kabuverdianu;Kabuverdianu;kea;kea
kea-CV;kabuverdianu (Kabu Verdi);kabuverdianu (Kabu Verdi);Kabuverdianu (Cape Verde);kea;kea
khq;Koyra ciini;Koyra ciini;Koyra Chiini;khq;khq
khq-ML;Koyra ciini (Maali);Koyra ciini (Maali);Koyra Chiini (Mali);khq;khq
ki;Gikuyu;Gikuyu;Kikuyu;kik;ki
ki-KE;Gikuyu (Kenya);Gikuyu (Kenya);Kikuyu (Kenya);kik;ki
kk;қазақ тілі;Kazakh;Kazakh;kaz;kk
kk-KZ;қазақ тілі (Қазақстан);Kazakh (Kazakhstan);Kazakh (Kazakhstan);kaz;kk
kkj;kakɔ;kakɔ;Kako;kkj;kkj
kkj-CM;kakɔ (Kamɛrun);kakɔ (Kamɛrun);Kako (Cameroon);kkj;kkj
kl;kalaallisut;Kalaallisut;Kalaallisut;kal;kl
kl-GL;kalaallisut (Kalaallit Nunaat);Kalaallisut (Greenland);Kalaallisut (Greenland);kal;kl
kln;Kalenjin;Kalenjin;Kalenjin;kln;kln
kln-KE;Kalenjin (Emetab Kenya);Kalenjin (Emetab Kenya);Kalenjin (Kenya);kln;kln
km;ខ្មែរ;Khmer;Khmer;khm;km
km-KH;ខ្មែរ (កម្ពុជា);Khmer (Cambodia);Khmer (Cambodia);khm;km
kn;ಕನ್ನಡ;Kannada;Kannada;kan;kn
kn-IN;ಕನ್ನಡ (ಭಾರತ);Kannada (India);Kannada (India);kan;kn
ko;한국어;Korean;Korean;kor;ko
ko-KP;한국어(조선민주주의인민공화국);한국어(조선민주주의인민공화국);Korean (North Korea);kor;ko
ko-KR;한국어(대한민국);Korean (South Korea);Korean (South Korea);kor;ko
kok;कोंकणी;Konkani;Konkani;kok;kok
kok-IN;कोंकणी (भारत);Konkani (India);Konkani (India);kok;kok
ks;کٲشُر;Kashmiri;Kashmiri;kas;ks
ks-IN;کٲشُر (ہِنٛدوستان);کٲشُر (ہِنٛدوستان);Kashmiri (India);kas;ks
ksb;Kishambaa;Kishambaa;Shambala;ksb;ksb
ksb-TZ;Kishambaa (Tanzania);Kishambaa (Tanzania);Shambala (Tanzania);ksb;ksb
ksf;rikpa;rikpa;Bafia;ksf;ksf
ksf-CM;rikpa (kamɛrún);rikpa (kamɛrún);Bafia (Cameroon);ksf;ksf
ksh;Kölsch;Kölsch;Colognian;ksh;ksh
ksh-DE;Kölsch en Doütschland;Kölsch en Doütschland;Colognian (Germany);ksh;ksh
kw;kernewek;kernewek;Cornish;cor;kw
kw-GB;kernewek (Rywvaneth Unys);kernewek (Rywvaneth Unys);Cornish (United Kingdom);cor;kw
ky;кыргызча;Kyrgyz;Kyrgyz;kir;ky
ky-KG;кыргызча (Кыргызстан);Kyrgyz (Kyrgyzstan);Kyrgyz (Kyrgyzstan);kir;ky
lag;Kɨlaangi;Kɨlaangi;Langi;lag;lag
lag-TZ;Kɨlaangi (Taansanía);Kɨlaangi (Taansanía);Langi (Tanzania);lag;lag
lb;Lëtzebuergesch;Luxembourgish;Luxembourgish;ltz;lb
lb-LU;Lëtzebuergesch (Lëtzebuerg);Luxembourgish (Luxembourg);Luxembourgish (Luxembourg);ltz;lb
lg;Luganda;Luganda;Ganda;lug;lg
lg-UG;Luganda (Yuganda);Luganda (Yuganda);Ganda (Uganda);lug;lg
lkt;Lakȟólʼiyapi;Lakȟólʼiyapi;Lakota;lkt;lkt
lkt-US;Lakȟólʼiyapi (Mílahaŋska Tȟamákȟočhe);Lakȟólʼiyapi (Mílahaŋska Tȟamákȟočhe);Lakota (United States);lkt;lkt
ln;lingála;lingála;Lingala;lin;ln
ln-AO;lingála (Angóla);lingála (Angóla);Lingala (Angola);lin;ln
ln-CD;lingála (Republíki ya Kongó Demokratíki);lingála (Republíki ya Kongó Demokratíki);Lingala (Congo - Kinshasa);lin;ln
ln-CF;lingála (Repibiki ya Afríka ya Káti);lingála (Repibiki ya Afríka ya Káti);Lingala (Central African Republic);lin;ln
ln-CG;lingála (Kongo);lingála (Kongo);Lingala (Congo - Brazzaville);lin;ln
lo;ລາວ;Lao;Lao;lao;lo
lo-LA;ລາວ (ລາວ);Lao (Laos);Lao (Laos);lao;lo
lrc;لۊری شومالی;لۊری شومالی;Northern Luri;lrc;lrc
lrc-IQ;لۊری شومالی (IQ);لۊری شومالی (IQ);Northern Luri (Iraq);lrc;lrc
lrc-IR;لۊری شومالی (IR);لۊری شومالی (IR);Northern Luri (Iran);lrc;lrc
lt;lietuvių;Lithuanian;Lithuanian;lit;lt
lt-LT;lietuvių (Lietuva);Lithuanian (Lithuania);Lithuanian (Lithuania);lit;lt
lu;Tshiluba;Tshiluba;Luba-Katanga;lub;lu
lu-CD;Tshiluba (Ditunga wa Kongu);Tshiluba (Ditunga wa Kongu);Luba-Katanga (Congo - Kinshasa);lub;lu
luo;Dholuo;Dholuo;Luo;luo;luo
luo-KE;Dholuo (Kenya);Dholuo (Kenya);Luo (Kenya);luo;luo
luy;Luluhia;Luluhia;Luyia;luy;luy
luy-KE;Luluhia (Kenya);Luluhia (Kenya);Luyia (Kenya);luy;luy
lv;latviešu;Latvian;Latvian;lav;lv
lv-LV;latviešu (Latvija);Latvian (Latvia);Latvian (Latvia);lav;lv
mas;Maa;Maa;Masai;mas;mas
mas-KE;Maa (Kenya);Maa (Kenya);Masai (Kenya);mas;mas
mas-TZ;Maa (Tansania);Maa (Tansania);Masai (Tanzania);mas;mas
mer;Kĩmĩrũ;Kĩmĩrũ;Meru;mer;mer
mer-KE;Kĩmĩrũ (Kenya);Kĩmĩrũ (Kenya);Meru (Kenya);mer;mer
mfe;kreol morisien;kreol morisien;Morisyen;mfe;mfe
mfe-MU;kreol morisien (Moris);kreol morisien (Moris);Morisyen (Mauritius);mfe;mfe
mg;Malagasy;Malagasy;Malagasy;mlg;mg
mg-MG;Malagasy (Madagasikara);Malagasy (Madagasikara);Malagasy (Madagascar);mlg;mg
mgh;Makua;Makua;Makhuwa-Meetto;mgh;mgh
mgh-MZ;Makua (Umozambiki);Makua (Umozambiki);Makhuwa-Meetto (Mozambique);mgh;mgh
mgo;metaʼ;metaʼ;Metaʼ;mgo;mgo
mgo-CM;metaʼ (Kamalun);metaʼ (Kamalun);Metaʼ (Cameroon);mgo;mgo
mk;македонски;Macedonian;Macedonian;mkd;mk
mk-MK;македонски (Македонија);Macedonian (Macedonia);Macedonian (Macedonia);mkd;mk
ml;മലയാളം;Malayalam;Malayalam;mal;ml
ml-IN;മലയാളം (ഇന്ത്യ);Malayalam (India);Malayalam (India);mal;ml
mn;монгол;Mongolian;Mongolian;mon;mn
mn-MN;монгол (Монгол);Mongolian (Mongolia);Mongolian (Mongolia);mon;mn
mr;मराठी;Marathi;Marathi;mar;mr
mr-IN;मराठी (भारत);Marathi (India);Marathi (India);mar;mr
ms;Bahasa Melayu;Malay;Malay;msa;ms
ms-Arab;بهاس ملايو;بهاس ملايو;Malay;msa;ms
ms-Arab-BN;بهاس ملايو (عرب، بروني);بهاس ملايو (عرب، بروني);Malay (Arabic, Brunei);msa;ms
ms-Arab-MY;بهاس ملايو (عرب، مليسيا);بهاس ملايو (عرب، مليسيا);Malay (Arabic, Malaysia);msa;ms
ms-BN;Bahasa Melayu (Brunei);Malay (Brunei);Malay (Brunei);msa;ms
ms-MY;Bahasa Melayu (Malaysia);Malay (Malaysia);Malay (Malaysia);msa;ms
ms-SG;Bahasa Melayu (Singapura);Bahasa Melayu (Singapura);Malay (Singapore);msa;ms
mt;Malti;Maltese;Maltese;mlt;mt
mt-MT;Malti (Malta);Maltese (Malta);Maltese (Malta);mlt;mt
mua;MUNDAŊ;MUNDAŊ;Mundang;mua;mua
mua-CM;MUNDAŊ (kameruŋ);MUNDAŊ (kameruŋ);Mundang (Cameroon);mua;mua
my;မြန်မာ;Burmese;Burmese;mya;my
my-MM;မြန်မာ (မြန်မာ);Burmese (Myanmar [Burma]);Burmese (Myanmar [Burma]);mya;my
mzn;مازرونی;مازرونی;Mazanderani;mzn;mzn
mzn-IR;مازرونی (ایران);مازرونی (ایران);Mazanderani (Iran);mzn;mzn
naq;Khoekhoegowab;Khoekhoegowab;Nama;naq;naq
naq-NA;Khoekhoegowab (Namibiab);Khoekhoegowab (Namibiab);Nama (Namibia);naq;naq
nb;norsk bokmål;Norwegian Bokmål;Norwegian Bokmål;nob;nb
nb-NO;norsk bokmål (Norge);Norwegian Bokmål (Norway);Norwegian Bokmål (Norway);nob;nb
nb-SJ;norsk bokmål (Svalbard og Jan Mayen);norsk bokmål (Svalbard og Jan Mayen);Norwegian Bokmål (Svalbard & Jan Mayen);nob;nb
nd;isiNdebele;isiNdebele;North Ndebele;nde;nd
nd-ZW;isiNdebele (Zimbabwe);isiNdebele (Zimbabwe);North Ndebele (Zimbabwe);nde;nd
nds;nds;nds;Low German;nds;nds
nds-DE;nds (DE);nds (DE);Low German (Germany);nds;nds
nds-NL;nds (NL);nds (NL);Low German (Netherlands);nds;nds
ne;नेपाली;Nepali;Nepali;nep;ne
ne-IN;नेपाली (भारत);Nepali (India);Nepali (India);nep;ne
ne-NP;नेपाली (नेपाल);Nepali (Nepal);Nepali (Nepal);nep;ne
nl;Nederlands;Dutch;Dutch;nld;nl
nl-AW;Nederlands (Aruba);Nederlands (Aruba);Dutch (Aruba);nld;nl
nl-BE;Nederlands (België);Dutch (Belgium);Dutch (Belgium);nld;nl
nl-BQ;Nederlands (Caribisch Nederland);Nederlands (Caribisch Nederland);Dutch (Caribbean Netherlands);nld;nl
nl-CW;Nederlands (Curaçao);Nederlands (Curaçao);Dutch (Curaçao);nld;nl
nl-NL;Nederlands (Nederland);Dutch (Netherlands);Dutch (Netherlands);nld;nl
nl-SR;Nederlands (Suriname);Nederlands (Suriname);Dutch (Suriname);nld;nl
nl-SX;Nederlands (Sint-Maarten);Nederlands (Sint-Maarten);Dutch (Sint Maarten);nld;nl
nmg;nmg;nmg;Kwasio;nmg;nmg
nmg-CM;nmg (Kamerun);nmg (Kamerun);Kwasio (Cameroon);nmg;nmg
nn;nynorsk;Norwegian Nynorsk;Norwegian Nynorsk;nno;nn
nn-NO;nynorsk (Noreg);Norwegian Nynorsk (Norway);Norwegian Nynorsk (Norway);nno;nn
nnh;Shwóŋò ngiembɔɔn;Shwóŋò ngiembɔɔn;Ngiemboon;nnh;nnh
nnh-CM;Shwóŋò ngiembɔɔn (Kàmalûm);Shwóŋò ngiembɔɔn (Kàmalûm);Ngiemboon (Cameroon);nnh;nnh
nus;Thok Nath;Thok Nath;Nuer;nus;nus
nus-SS;Thok Nath (SS);Thok Nath (SS);Nuer (South Sudan);nus;nus
nyn;Runyankore;Runyankore;Nyankole;nyn;nyn
nyn-UG;Runyankore (Uganda);Runyankore (Uganda);Nyankole (Uganda);nyn;nyn
om;Oromoo;Oromo;Oromo;orm;om
om-ET;Oromoo (Itoophiyaa);Oromo (Ethiopia);Oromo (Ethiopia);orm;om
om-KE;Oromoo (Keeniyaa);Oromoo (Keeniyaa);Oromo (Kenya);orm;om
or;ଓଡ଼ିଆ;Odia;Odia;ori;or
or-IN;ଓଡ଼ିଆ (ଭାରତ);Odia (India);Odia (India);ori;or
os;ирон;ирон;Ossetic;oss;os
os-GE;ирон (Гуырдзыстон);ирон (Гуырдзыстон);Ossetic (Georgia);oss;os
os-RU;ирон (Уӕрӕсе);ирон (Уӕрӕсе);Ossetic (Russia);oss;os
pa;ਪੰਜਾਬੀ;Punjabi;Punjabi;pan;pa
pa-Arab;پنجابی;Punjabi (Arabic);Punjabi;pan;pa
pa-Arab-PK;پنجابی (عربی, پاکستان);Punjabi (Arabic, Pakistan);Punjabi (Arabic, Pakistan);pan;pa
pa-Guru;ਪੰਜਾਬੀ;ਪੰਜਾਬੀ;Punjabi;pan;pa
pa-Guru-IN;ਪੰਜਾਬੀ (ਗੁਰਮੁਖੀ, ਭਾਰਤ);ਪੰਜਾਬੀ (ਗੁਰਮੁਖੀ, ਭਾਰਤ);Punjabi (Gurmukhi, India);pan;pa
pl;polski;Polish;Polish;pol;pl
pl-PL;polski (Polska);Polish (Poland);Polish (Poland);pol;pl
ps;پښتو;Pashto;Pashto;pus;ps
ps-AF;پښتو (افغانستان);Pashto (Afghanistan);Pashto (Afghanistan);pus;ps
pt;português;Portuguese;Portuguese;por;pt
pt-AO;português (Angola);português (Angola);Portuguese (Angola);por;pt
pt-BR;português (Brasil);Portuguese (Brazil);Portuguese (Brazil);por;pt
pt-CH;português (Suíça);português (Suíça);Portuguese (Switzerland);por;pt
pt-CV;português (Cabo Verde);português (Cabo Verde);Portuguese (Cape Verde);por;pt
pt-FR;português (França);português (França);Portuguese (France);por;pt
pt-GQ;português (Guiné Equatorial);português (Guiné Equatorial);Portuguese (Equatorial Guinea);por;pt
pt-GW;português (Guiné-Bissau);português (Guiné-Bissau);Portuguese (Guinea-Bissau);por;pt
pt-LU;português (Luxemburgo);português (Luxemburgo);Portuguese (Luxembourg);por;pt
pt-MO;português (Macau [China]);português (Macau [China]);Portuguese (Macau [China]);por;pt
pt-MZ;português (Moçambique);português (Moçambique);Portuguese (Mozambique);por;pt
pt-PT;português (Portugal);Portuguese (Portugal);Portuguese (Portugal);por;pt
pt-ST;português (São Tomé e Príncipe);português (São Tomé e Príncipe);Portuguese (São Tomé & Príncipe);por;pt
pt-TL;português (Timor-Leste);português (Timor-Leste);Portuguese (Timor-Leste);por;pt
qu;Runasimi;Runasimi;Quechua;que;qu
qu-BO;Runasimi (Bolivia);Runasimi (Bolivia);Quechua (Bolivia);que;qu
qu-EC;Runasimi (Ecuador);Runasimi (Ecuador);Quechua (Ecuador);que;qu
qu-PE;Runasimi (Perú);Runasimi (Perú);Quechua (Peru);que;qu
rm;rumantsch;Romansh;Romansh;roh;rm
rm-CH;rumantsch (Svizra);Romansh (Switzerland);Romansh (Switzerland);roh;rm
rn;Ikirundi;Ikirundi;Rundi;run;rn
rn-BI;Ikirundi (Uburundi);Ikirundi (Uburundi);Rundi (Burundi);run;rn
ro;română;Romanian;Romanian;ron;ro
ro-MD;română (Republica Moldova);Romanian (Moldova);Romanian (Moldova);ron;ro
ro-RO;română (România);Romanian (Romania);Romanian (Romania);ron;ro
rof;Kihorombo;Kihorombo;Rombo;rof;rof
rof-TZ;Kihorombo (Tanzania);Kihorombo (Tanzania);Rombo (Tanzania);rof;rof
ru;русский;Russian;Russian;rus;ru
ru-BY;русский (Беларусь);русский (Беларусь);Russian (Belarus);rus;ru
ru-KG;русский (Киргизия);русский (Киргизия);Russian (Kyrgyzstan);rus;ru
ru-KZ;русский (Казахстан);русский (Казахстан);Russian (Kazakhstan);rus;ru
ru-MD;русский (Молдова);Russian (Moldova);Russian (Moldova);rus;ru
ru-RU;русский (Россия);Russian (Russia);Russian (Russia);rus;ru
ru-UA;русский (Украина);русский (Украина);Russian (Ukraine);rus;ru
rw;Kinyarwanda;Kinyarwanda;Kinyarwanda;kin;rw
rw-RW;Kinyarwanda (Rwanda);Kinyarwanda (Rwanda);Kinyarwanda (Rwanda);kin;rw
rwk;Kiruwa;Kiruwa;Rwa;rwk;rwk
rwk-TZ;Kiruwa (Tanzania);Kiruwa (Tanzania);Rwa (Tanzania);rwk;rwk
sah;саха тыла;Sakha;Sakha;sah;sah
sah-RU;саха тыла (Арассыыйа);Sakha (Russia);Sakha (Russia);sah;sah
saq;Kisampur;Kisampur;Samburu;saq;saq
saq-KE;Kisampur (Kenya);Kisampur (Kenya);Samburu (Kenya);saq;saq
sbp;Ishisangu;Ishisangu;Sangu;sbp;sbp
sbp-TZ;Ishisangu (Tansaniya);Ishisangu (Tansaniya);Sangu (Tanzania);sbp;sbp
se;davvisámegiella;Northern Sami;Northern Sami;sme;se
se-FI;davvisámegiella (Suopma);Northern Sami (Finland);Northern Sami (Finland);sme;se
se-NO;davvisámegiella (Norga);Northern Sami (Norway);Northern Sami (Norway);sme;se
se-SE;davvisámegiella (Ruoŧŧa);Northern Sami (Sweden);Northern Sami (Sweden);sme;se
seh;sena;sena;Sena;seh;seh
seh-MZ;sena (Moçambique);sena (Moçambique);Sena (Mozambique);seh;seh
ses;Koyraboro senni;Koyraboro senni;Koyraboro Senni;ses;ses
ses-ML;Koyraboro senni (Maali);Koyraboro senni (Maali);Koyraboro Senni (Mali);ses;ses
sg;Sängö;Sängö;Sango;sag;sg
sg-CF;Sängö (Ködörösêse tî Bêafrîka);Sängö (Ködörösêse tî Bêafrîka);Sango (Central African Republic);sag;sg
shi;ⵜⴰⵛⵍⵃⵉⵜ;ⵜⴰⵛⵍⵃⵉⵜ;Tachelhit;shi;shi
shi-Latn;Tashelḥiyt;Tashelḥiyt;Tachelhit;shi;shi
shi-Latn-MA;Tashelḥiyt (Latn, lmɣrib);Tashelḥiyt (Latn, lmɣrib);Tachelhit (Latin, Morocco);shi;shi
shi-Tfng;ⵜⴰⵛⵍⵃⵉⵜ;ⵜⴰⵛⵍⵃⵉⵜ;Tachelhit;shi;shi
shi-Tfng-MA;ⵜⴰⵛⵍⵃⵉⵜ (Tfng, ⵍⵎⵖⵔⵉⴱ);ⵜⴰⵛⵍⵃⵉⵜ (Tfng, ⵍⵎⵖⵔⵉⴱ);Tachelhit (Tifinagh, Morocco);shi;shi
si;සිංහල;Sinhala;Sinhala;sin;si
si-LK;සිංහල (ශ්‍රී ලංකාව);Sinhala (Sri Lanka);Sinhala (Sri Lanka);sin;si
sk;slovenčina;Slovak;Slovak;slk;sk
sk-SK;slovenčina (Slovensko);Slovak (Slovakia);Slovak (Slovakia);slk;sk
sl;slovenščina;Slovenian;Slovenian;slv;sl
sl-SI;slovenščina (Slovenija);Slovenian (Slovenia);Slovenian (Slovenia);slv;sl
smn;anarâškielâ;Inari Sami;Inari Sami;smn;smn
smn-FI;anarâškielâ (Suomâ);Inari Sami (Finland);Inari Sami (Finland);smn;smn
sn;chiShona;chiShona;Shona;sna;sn
sn-ZW;chiShona (Zimbabwe);chiShona (Zimbabwe);Shona (Zimbabwe);sna;sn
so;Soomaali;Somali;Somali;som;so
so-DJ;Soomaali (Jabuuti);Soomaali (Jabuuti);Somali (Djibouti);som;so
so-ET;Soomaali (Itoobiya);Soomaali (Itoobiya);Somali (Ethiopia);som;so
so-KE;Soomaali (Kiiniya);Soomaali (Kiiniya);Somali (Kenya);som;so
so-SO;Soomaali (Soomaaliya);Somali (Somalia);Somali (Somalia);som;so
sq;shqip;Albanian;Albanian;sqi;sq
sq-AL;shqip (Shqipëri);Albanian (Albania);Albanian (Albania);sqi;sq
sq-MK;shqip (Maqedoni);shqip (Maqedoni);Albanian (Macedonia);sqi;sq
sq-XK;shqip (Kosovë);shqip (Kosovë);Albanian (Kosovo);sqi;sq
sr;српски;Serbian;Serbian;srp;sr
sr-Cyrl;српски;Serbian (Cyrillic);Serbian;srp;sr
sr-Cyrl-BA;српски (ћирилица, Босна и Херцеговина);Serbian (Cyrillic, Bosnia & Herzegovina);Serbian (Cyrillic, Bosnia & Herzegovina);srp;sr
sr-Cyrl-ME;српски (ћирилица, Црна Гора);Serbian (Cyrillic, Montenegro);Serbian (Cyrillic, Montenegro);srp;sr
sr-Cyrl-RS;српски (ћирилица, Србија);Serbian (Cyrillic, Serbia);Serbian (Cyrillic, Serbia);srp;sr
sr-Cyrl-XK;српски (ћирилица, Косово);српски (ћирилица, Косово);Serbian (Cyrillic, Kosovo);srp;sr
sr-Latn;srpski;Serbian (Latin);Serbian;srp;sr
sr-Latn-BA;srpski (latinica, Bosna i Hercegovina);Serbian (Latin, Bosnia & Herzegovina);Serbian (Latin, Bosnia & Herzegovina);srp;sr
sr-Latn-ME;srpski (latinica, Crna Gora);Serbian (Latin, Montenegro);Serbian (Latin, Montenegro);srp;sr
sr-Latn-RS;srpski (latinica, Srbija);Serbian (Latin, Serbia);Serbian (Latin, Serbia);srp;sr
sr-Latn-XK;srpski (latinica, Kosovo);srpski (latinica, Kosovo);Serbian (Latin, Kosovo);srp;sr
sv;svenska;Swedish;Swedish;swe;sv
sv-AX;svenska (Åland);svenska (Åland);Swedish (Åland Islands);swe;sv
sv-FI;svenska (Finland);Swedish (Finland);Swedish (Finland);swe;sv
sv-SE;svenska (Sverige);Swedish (Sweden);Swedish (Sweden);swe;sv
sw;Kiswahili;Swahili;Swahili;swa;sw
sw-CD;Kiswahili (Jamhuri ya Kidemokrasia ya Kongo);Kiswahili (Jamhuri ya Kidemokrasia ya Kongo);Swahili (Congo - Kinshasa);swa;sw
sw-KE;Kiswahili (Kenya);Swahili (Kenya);Swahili (Kenya);swa;sw
sw-TZ;Kiswahili (Tanzania);Kiswahili (Tanzania);Swahili (Tanzania);swa;sw
sw-UG;Kiswahili (Uganda);Kiswahili (Uganda);Swahili (Uganda);swa;sw
ta;தமிழ்;Tamil;Tamil;tam;ta
ta-IN;தமிழ் (இந்தியா);Tamil (India);Tamil (India);tam;ta
ta-LK;தமிழ் (இலங்கை);Tamil (Sri Lanka);Tamil (Sri Lanka);tam;ta
ta-MY;தமிழ் (மலேசியா);தமிழ் (மலேசியா);Tamil (Malaysia);tam;ta
ta-SG;தமிழ் (சிங்கப்பூர்);தமிழ் (சிங்கப்பூர்);Tamil (Singapore);tam;ta
te;తెలుగు;Telugu;Telugu;tel;te
te-IN;తెలుగు (భారత దేశం);Telugu (India);Telugu (India);tel;te
teo;Kiteso;Kiteso;Teso;teo;teo
teo-KE;Kiteso (Kenia);Kiteso (Kenia);Teso (Kenya);teo;teo
teo-UG;Kiteso (Uganda);Kiteso (Uganda);Teso (Uganda);teo;teo
tg;тоҷикӣ;Tajik;Tajik;tgk;tg
tg-TJ;тоҷикӣ (Тоҷикистон);тоҷикӣ (Тоҷикистон);Tajik (Tajikistan);tgk;tg
th;ไทย;Thai;Thai;tha;th
th-TH;ไทย (ไทย);Thai (Thailand);Thai (Thailand);tha;th
ti;ትግርኛ;Tigrinya;Tigrinya;tir;ti
ti-ER;ትግርኛ (ER);Tigrinya (Eritrea);Tigrinya (Eritrea);tir;ti
ti-ET;ትግርኛ (ET);Tigrinya (Ethiopia);Tigrinya (Ethiopia);tir;ti
tk;türkmençe;Turkmen;Turkmen;tuk;tk
tk-TM;türkmençe (Türkmenistan);Turkmen (Turkmenistan);Turkmen (Turkmenistan);tuk;tk
to;lea fakatonga;lea fakatonga;Tongan;ton;to
to-TO;lea fakatonga (Tonga);lea fakatonga (Tonga);Tongan (Tonga);ton;to
tr;Türkçe;Turkish;Turkish;tur;tr
tr-CY;Türkçe (Kıbrıs);Türkçe (Kıbrıs);Turkish (Cyprus);tur;tr
tr-TR;Türkçe (Türkiye);Turkish (Turkey);Turkish (Turkey);tur;tr
twq;Tasawaq senni;Tasawaq senni;Tasawaq;twq;twq
twq-NE;Tasawaq senni (Nižer);Tasawaq senni (Nižer);Tasawaq (Niger);twq;twq
tzm;Tamaziɣt n laṭlaṣ;Central Atlas Tamazight;Central Atlas Tamazight;tzm;tzm
tzm-MA;Tamaziɣt n laṭlaṣ (Meṛṛuk);Tamaziɣt n laṭlaṣ (Meṛṛuk);Central Atlas Tamazight (Morocco);tzm;tzm
ug;ئۇيغۇرچە;Uyghur;Uyghur;uig;ug
ug-CN;ئۇيغۇرچە (جۇڭگو);Uyghur (China);Uyghur (China);uig;ug
uk;українська;Ukrainian;Ukrainian;ukr;uk
uk-UA;українська (Україна);Ukrainian (Ukraine);Ukrainian (Ukraine);ukr;uk
ur;اردو;Urdu;Urdu;urd;ur
ur-IN;اردو (بھارت);Urdu (India);Urdu (India);urd;ur
ur-PK;اردو (پاکستان);Urdu (Pakistan);Urdu (Pakistan);urd;ur
uz;o‘zbek;Uzbek;Uzbek;uzb;uz
uz-Arab;اوزبیک;اوزبیک;Uzbek;uzb;uz
uz-Arab-AF;اوزبیک (عربی, افغانستان);اوزبیک (عربی, افغانستان);Uzbek (Arabic, Afghanistan);uzb;uz
uz-Cyrl;ўзбекча;Uzbek (Cyrillic);Uzbek;uzb;uz
uz-Cyrl-UZ;ўзбекча (Кирил, Ўзбекистон);Uzbek (Cyrillic, Uzbekistan);Uzbek (Cyrillic, Uzbekistan);uzb;uz
uz-Latn;o‘zbek;Uzbek (Latin);Uzbek;uzb;uz
uz-Latn-UZ;o‘zbek (lotin, Oʻzbekiston);Uzbek (Latin, Uzbekistan);Uzbek (Latin, Uzbekistan);uzb;uz
vai;ꕙꔤ;ꕙꔤ;Vai;vai;vai
vai-Latn;Vai;Vai;Vai;vai;vai
vai-Latn-LR;Vai (Latn, Laibhiya);Vai (Latn, Laibhiya);Vai (Latin, Liberia);vai;vai
vai-Vaii;ꕙꔤ;ꕙꔤ;Vai;vai;vai
vai-Vaii-LR;ꕙꔤ (Vaii, ꕞꔤꔫꕩ);ꕙꔤ (Vaii, ꕞꔤꔫꕩ);Vai (Vai, Liberia);vai;vai
vi;Tiếng Việt;Vietnamese;Vietnamese;vie;vi
vi-VN;Tiếng Việt (Việt Nam);Vietnamese (Vietnam);Vietnamese (Vietnam);vie;vi
vun;Kyivunjo;Kyivunjo;Vunjo;vun;vun
vun-TZ;Kyivunjo (Tanzania);Kyivunjo (Tanzania);Vunjo (Tanzania);vun;vun
wae;Walser;Walser;Walser;wae;wae
wae-CH;Walser (Schwiz);Walser (Schwiz);Walser (Switzerland);wae;wae
xog;Olusoga;Olusoga;Soga;xog;xog
xog-UG;Olusoga (Yuganda);Olusoga (Yuganda);Soga (Uganda);xog;xog
yav;nuasue;nuasue;Yangben;yav;yav
yav-CM;nuasue (Kemelún);nuasue (Kemelún);Yangben (Cameroon);yav;yav
yi;ייִדיש;Yiddish;Yiddish;yid;yi
yi-001;ייִדיש (וועלט);Yiddish (World);Yiddish (World);yid;yi
yo;Èdè Yorùbá;Yoruba;Yoruba;yor;yo
yo-BJ;Èdè Yorùbá (Orílɛ́ède Bɛ̀nɛ̀);Èdè Yorùbá (Orílɛ́ède Bɛ̀nɛ̀);Yoruba (Benin);yor;yo
yo-NG;Èdè Yorùbá (Orílẹ́ède Nàìjíríà);Yoruba (Nigeria);Yoruba (Nigeria);yor;yo
yue;粵語;粵語;Cantonese;yue;yue
yue-Hans;粤语;粤语;Cantonese;yue;yue
yue-Hans-CN;粤语 (简体，中华人民共和国);粤语 (简体，中华人民共和国);Cantonese (Simplified, China);yue;yue
yue-Hant;粵語;粵語;Cantonese;yue;yue
yue-Hant-HK;粵語 (繁體，中華人民共和國香港特別行政區);粵語 (繁體，中華人民共和國香港特別行政區);Cantonese (Traditional, Hong Kong [China]);yue;yue
zgh;ⵜⴰⵎⴰⵣⵉⵖⵜ;ⵜⴰⵎⴰⵣⵉⵖⵜ;Standard Moroccan Tamazight;zgh;zgh
zgh-MA;ⵜⴰⵎⴰⵣⵉⵖⵜ (ⵍⵎⵖⵔⵉⴱ);ⵜⴰⵎⴰⵣⵉⵖⵜ (ⵍⵎⵖⵔⵉⴱ);Standard Moroccan Tamazight (Morocco);zgh;zgh
zh;中文;Chinese;Chinese;zho;zh
zh-Hans;中文;Chinese (Simplified);Chinese;zho;zh
zh-Hans-CN;中文（简体，中国）;中文（简体，中国）;Chinese (Simplified, China);zho;zh
zh-Hans-HK;中文（简体，香港［中国］）;中文（简体，香港［中国］）;Chinese (Simplified, Hong Kong [China]);zho;zh
zh-Hans-MO;中文（简体，澳门［中国］）;中文（简体，澳门［中国］）;Chinese (Simplified, Macau [China]);zho;zh
zh-Hans-SG;中文（简体，新加坡）;中文（简体，新加坡）;Chinese (Simplified, Singapore);zho;zh
zh-Hant;中文;Chinese (Traditional);Chinese;zho;zh
zh-Hant-HK;中文（繁體字，香港［中國］）;中文（繁體字，香港［中國］）;Chinese (Traditional, Hong Kong [China]);zho;zh
zh-Hant-MO;中文（繁體字，澳門［中國］）;中文（繁體字，澳門［中國］）;Chinese (Traditional, Macau [China]);zho;zh
zh-Hant-TW;中文（繁體，台灣）;中文（繁體，台灣）;Chinese (Traditional, Taiwan);zho;zh
zu;isiZulu;Zulu;Zulu;zul;zu
zu-ZA;isiZulu (i-South Africa);Zulu (South Africa);Zulu (South Africa);zul;zu
